timestamp,open,high,low,close,volume
2026-06-21 08:00:00,64120.3,64136.9,63840.9,63924.5,78.01679409
2026-06-21 09:00:00,63924.5,64140.9,63886.3,64136.6,18.58505424
2026-06-21 10:00:00,64131.1,64329.0,64130.0,64280.6,26.8548095
2026-06-21 11:00:00,64280.7,64376.0,64047.9,64070.3,30.71886168
2026-06-21 12:00:00,64086.5,64157.7,63900.0,64117.5,11.37966358
2026-06-21 13:00:00,64117.4,64117.4,63954.7,64063.2,13.26745125
2026-06-21 14:00:00,64063.2,64064.9,63940.9,64050.7,17.90542707
2026-06-21 15:00:00,64050.7,64261.2,64030.0,64150.1,28.97951811
2026-06-21 16:00:00,64150.0,64172.3,63969.2,64059.0,10.26979138
2026-06-21 17:00:00,64059.0,64140.7,63952.2,64061.2,162.35213999
2026-06-21 18:00:00,64059.4,64140.9,63880.5,64114.3,61.30764185
2026-06-21 19:00:00,64114.9,64207.7,64100.0,64136.6,36.9629383
2026-06-21 20:00:00,64136.6,64187.4,63617.1,63758.1,46.43133292
2026-06-21 21:00:00,63758.1,63872.8,63440.9,63729.4,55.09664834
2026-06-21 22:00:00,63729.7,63868.1,63506.6,63725.1,183.27072701
2026-06-21 23:00:00,63725.1,63725.1,63214.0,63234.0,170.38627157
2026-06-22 00:00:00,63234.0,64000.0,63234.0,63822.6,40.41579964
2026-06-22 01:00:00,63822.6,64704.1,63785.3,64540.0,335.9737833
2026-06-22 02:00:00,64535.1,64574.7,64173.4,64173.4,44.93227374
2026-06-22 03:00:00,64182.1,64357.4,63840.9,63895.2,41.35240981
2026-06-22 04:00:00,63895.2,64022.0,63796.2,64022.0,13.05527985
2026-06-22 05:00:00,64022.0,64240.9,64009.4,64158.4,40.24972437
2026-06-22 06:00:00,64158.4,64238.2,63890.9,63922.6,11.50055599
2026-06-22 07:00:00,63922.7,64290.9,63891.0,64120.0,19.86323985
2026-06-22 08:00:00,64120.0,64268.7,63981.9,64089.8,13.66090399
2026-06-22 09:00:00,64089.8,64184.2,63990.9,64064.1,27.82789379
2026-06-22 10:00:00,64066.1,64191.4,64025.4,64049.9,20.90391502
2026-06-22 11:00:00,64050.0,64698.2,64034.8,64590.8,118.02287588
2026-06-22 12:00:00,64590.9,65294.9,64527.5,65100.1,344.09183948
2026-06-22 13:00:00,65100.1,65517.5,64872.6,65502.0,136.04267315
2026-06-22 14:00:00,65503.6,65542.1,64776.0,64909.5,109.8835436
2026-06-22 15:00:00,64909.5,65062.6,64695.3,64762.4,102.3032942
2026-06-22 16:00:00,64768.0,64784.4,64441.8,64658.6,118.50942471
2026-06-22 17:00:00,64658.6,64714.9,64326.6,64539.9,110.20654869
2026-06-22 18:00:00,64542.5,64646.6,64255.0,64266.5,90.479711
2026-06-22 19:00:00,64266.5,64433.1,64215.0,64426.9,112.69626054
2026-06-22 20:00:00,64415.5,64590.9,64291.0,64364.9,68.77900337
2026-06-22 21:00:00,64360.1,64410.2,64085.9,64240.9,34.11042065
2026-06-22 22:00:00,64240.8,64318.3,63742.6,63891.8,82.49247529
2026-06-22 23:00:00,63897.4,63987.4,63826.9,63953.6,61.32886658
2026-06-23 00:00:00,63953.6,64075.4,63756.3,64075.3,81.42156089
2026-06-23 01:00:00,64075.3,64200.0,63842.8,64090.8,24.4511104
2026-06-23 02:00:00,64090.9,64187.8,63978.1,64130.2,20.67922055
2026-06-23 03:00:00,64130.2,64130.2,63890.9,63989.0,25.48744713
2026-06-23 04:00:00,63989.0,64018.7,63544.3,63556.0,26.99256639
2026-06-23 05:00:00,63556.0,63655.6,63280.4,63312.1,110.68541098
2026-06-23 06:00:00,63324.0,63325.1,62510.0,62867.3,139.38732388
2026-06-23 07:00:00,62864.3,63005.0,62799.7,62799.7,62.29134501
2026-06-23 08:00:00,62799.8,62857.8,61881.1,62303.3,253.22636339
2026-06-23 09:00:00,62303.3,62440.3,62280.0,62301.5,164.65678241
2026-06-23 10:00:00,62306.7,62501.6,62170.9,62240.2,194.08706678
2026-06-23 11:00:00,62240.2,62551.0,62238.9,62438.1,159.22954725
2026-06-23 12:00:00,62438.1,62479.1,62142.1,62191.9,95.89359948
2026-06-23 13:00:00,62191.9,62464.2,61885.0,62403.8,139.14732224
2026-06-23 14:00:00,62404.0,62768.1,62356.4,62412.2,277.29626895
2026-06-23 15:00:00,62415.5,62437.4,62131.0,62393.7,72.69152812
2026-06-23 16:00:00,62396.0,62740.0,62350.6,62487.7,89.75157876
2026-06-23 17:00:00,62487.6,62607.0,62262.6,62278.2,114.38630262
2026-06-23 18:00:00,62281.9,62374.0,62037.4,62166.6,51.0662401
2026-06-23 19:00:00,62162.2,62390.1,62131.0,62320.2,160.2448825
2026-06-23 20:00:00,62320.2,62451.4,62307.7,62389.3,39.64625085
2026-06-23 21:00:00,62390.4,62584.5,62390.4,62524.8,51.37733362
2026-06-23 22:00:00,62525.5,62695.8,62452.2,62514.4,63.81855856
2026-06-23 23:00:00,62513.8,62700.0,62438.5,62650.3,113.2299463
2026-06-24 00:00:00,62650.3,62929.5,62650.2,62928.0,123.29019666
2026-06-24 01:00:00,62928.4,63040.0,62712.0,62856.6,29.84595616
2026-06-24 02:00:00,62856.5,62928.8,62545.0,62560.8,26.85397198
2026-06-24 03:00:00,62560.8,62734.3,62390.6,62659.1,20.1777327
2026-06-24 04:00:00,62659.2,62704.1,62445.8,62672.5,35.3574014
2026-06-24 05:00:00,62678.4,62982.3,62632.5,62807.2,16.38933025
2026-06-24 06:00:00,62807.3,62834.1,62650.0,62701.7,6.78084608
2026-06-24 07:00:00,62698.4,62757.9,62538.1,62559.6,21.58821928
2026-06-24 08:00:00,62559.6,62719.1,62524.8,62719.0,9.14597438
2026-06-24 09:00:00,62719.1,62719.1,62569.9,62617.5,12.6715048
2026-06-24 10:00:00,62611.0,62611.0,62336.0,62376.0,53.29310705
2026-06-24 11:00:00,62371.0,63138.7,62246.1,62839.0,59.99684842
2026-06-24 12:00:00,62830.7,63091.9,62505.3,62529.1,108.55721821
2026-06-24 13:00:00,62531.3,62549.4,61182.3,61241.4,697.71135046
2026-06-24 14:00:00,61244.0,61365.0,60809.1,61019.0,494.87212261
2026-06-24 15:00:00,61019.0,61050.4,60179.0,60179.1,408.75781097
2026-06-24 16:00:00,60179.1,60573.5,59546.6,59774.1,721.26525431
2026-06-24 17:00:00,59774.2,59972.7,59001.0,59329.8,444.90409911
2026-06-24 18:00:00,59324.9,59843.8,59248.1,59511.9,247.82893442
2026-06-24 19:00:00,59523.8,59898.3,59444.5,59868.8,118.72547287
2026-06-24 20:00:00,59881.5,61100.0,59763.2,60873.0,470.28993308
2026-06-24 21:00:00,60882.0,61050.8,60588.0,61013.5,123.55942028
2026-06-24 22:00:00,61013.6,61157.0,60720.1,60781.3,111.69398251
2026-06-24 23:00:00,60781.3,61005.3,60738.4,60980.8,58.83196588
2026-06-25 00:00:00,60984.3,61060.9,60653.5,60725.8,98.76833684
2026-06-25 01:00:00,60725.9,60896.2,60645.0,60831.5,52.95774303
2026-06-25 02:00:00,60831.4,60859.1,60589.3,60701.7,46.54623126
2026-06-25 03:00:00,60701.8,60799.2,60600.1,60795.1,16.23979882
2026-06-25 04:00:00,60795.1,61333.1,60690.8,61263.2,138.32195192
2026-06-25 05:00:00,61263.2,61700.0,61189.2,61518.5,241.86243617
2026-06-25 06:00:00,61518.5,61757.3,61509.0,61625.9,39.89814919
2026-06-25 07:00:00,61625.9,61858.8,61565.7,61817.5,55.65548897
2026-06-25 08:00:00,61818.8,61822.0,61599.9,61600.0,40.17047858
2026-06-25 09:00:00,61600.0,61695.7,61515.8,61651.7,30.52883565
2026-06-25 10:00:00,61650.1,61656.5,61176.0,61186.0,65.6872276
2026-06-25 11:00:00,61181.6,61328.9,60991.7,61190.8,72.36041305
2026-06-25 12:00:00,61190.9,61632.1,60985.5,61146.6,95.27988554
2026-06-25 13:00:00,61146.6,61255.5,58033.0,58218.9,816.9160834
2026-06-25 14:00:00,58224.5,60410.2,58224.5,59384.3,924.07387524
2026-06-25 15:00:00,59386.0,59581.5,58786.0,59469.4,222.23730322
2026-06-25 16:00:00,59470.2,59974.2,59084.9,59224.7,287.51339974
2026-06-25 17:00:00,59223.4,59628.7,59033.3,59589.4,266.27177025
2026-06-25 18:00:00,59589.4,59685.3,59279.2,59407.3,73.57866271
2026-06-25 19:00:00,59413.2,59428.9,59081.9,59199.1,73.89566789
2026-06-25 20:00:00,59238.8,59645.2,59229.4,59363.8,117.30820313
2026-06-25 21:00:00,59362.1,60142.1,59362.1,60119.6,132.0912267
2026-06-25 22:00:00,60116.9,60116.9,59653.4,59757.5,120.07432265
2026-06-25 23:00:00,59757.9,60091.0,59664.6,59707.1,40.69638476
2026-06-26 00:00:00,59721.1,59808.5,59557.2,59589.5,33.57086622
2026-06-26 01:00:00,59589.5,59690.5,59150.0,59328.9,135.64616583
2026-06-26 02:00:00,59329.4,59367.4,58280.5,58465.4,417.75115018
2026-06-26 03:00:00,58477.0,60043.2,58265.0,59948.4,226.81250643
2026-06-26 04:00:00,59950.1,60122.9,59758.1,59825.4,105.70390325
2026-06-26 05:00:00,59831.2,59950.0,59650.2,59862.6,72.36719786
2026-06-26 06:00:00,59862.7,60348.6,59628.7,60235.0,135.7664033
2026-06-26 07:00:00,60235.0,60666.0,60206.0,60456.8,127.05226848
2026-06-26 08:00:00,60456.9,60474.0,60068.6,60146.6,129.7331536
2026-06-26 09:00:00,60154.1,60162.0,59501.2,59645.1,45.48622314
2026-06-26 10:00:00,59645.1,59762.1,59163.0,59219.1,64.37702115
2026-06-26 11:00:00,59219.2,59482.0,59174.4,59332.1,44.37331249
2026-06-26 12:00:00,59332.1,59901.2,58901.0,59103.5,122.17331239
2026-06-26 13:00:00,59103.5,60083.7,58406.4,60083.7,351.33323206
2026-06-26 14:00:00,60083.7,60183.0,59303.3,59502.9,430.11952416
2026-06-26 15:00:00,59502.9,60417.9,59502.9,60245.5,340.86903105
2026-06-26 16:00:00,60241.2,60470.2,59881.7,59958.0,146.49820484
2026-06-26 17:00:00,59947.5,60194.5,59839.2,59933.3,45.24013507
2026-06-26 18:00:00,59934.5,60062.2,59493.1,59577.2,59.8551674
2026-06-26 19:00:00,59576.5,59994.3,59536.2,59664.8,82.42957294
2026-06-26 20:00:00,59664.9,59891.0,59495.4,59627.3,115.72040426
2026-06-26 21:00:00,59627.4,59958.6,59591.2,59830.5,52.46710847
2026-06-26 22:00:00,59834.9,59991.0,59670.0,59966.3,148.51695173
2026-06-26 23:00:00,59958.3,60023.6,59859.9,60009.2,29.71385743
2026-06-27 00:00:00,60013.1,60095.6,59800.1,59973.4,21.64726555
2026-06-27 01:00:00,59977.0,59981.6,59839.5,59859.8,18.81015248
2026-06-27 02:00:00,59859.8,60260.4,59845.0,60203.7,69.93039943
2026-06-27 03:00:00,60203.7,60318.3,60077.8,60231.1,144.64205515
2026-06-27 04:00:00,60227.4,60384.8,60135.3,60135.4,25.98099877
2026-06-27 05:00:00,60135.5,60220.0,60050.8,60156.9,12.35959173
2026-06-27 06:00:00,60156.9,60391.2,60025.8,60278.9,14.3471145
2026-06-27 07:00:00,60278.9,60471.8,60207.8,60447.6,28.2838341
2026-06-27 08:00:00,60447.6,60458.3,60275.6,60358.7,9.22618119
2026-06-27 09:00:00,60358.7,60402.6,60204.0,60331.3,14.80761926
2026-06-27 10:00:00,60331.3,60388.2,60277.3,60318.0,14.61890036
2026-06-27 11:00:00,60323.0,60356.3,60110.1,60267.7,11.58854019
2026-06-27 12:00:00,60267.8,60325.0,60176.9,60308.9,9.48292026
2026-06-27 13:00:00,60321.9,60563.0,60304.0,60504.4,91.75541605
2026-06-27 14:00:00,60491.0,60619.1,60402.1,60515.8,22.21219815
2026-06-27 15:00:00,60515.8,60856.3,60468.6,60739.9,152.10901709
2026-06-27 16:00:00,60740.0,60741.3,60578.6,60716.0,26.5144675
2026-06-27 17:00:00,60716.0,60716.0,60346.4,60436.8,46.93148277
2026-06-27 18:00:00,60436.9,60470.8,60357.0,60447.4,20.35729449
2026-06-27 19:00:00,60471.5,60513.0,60000.0,60083.4,103.23701717
2026-06-27 20:00:00,60083.0,60208.3,60083.0,60195.2,16.75744128
2026-06-27 21:00:00,60206.9,60377.5,60049.7,60106.3,31.27354437
2026-06-27 22:00:00,60099.4,60153.4,59763.1,60135.7,66.60021494
2026-06-27 23:00:00,60135.7,60211.1,59868.5,59941.5,41.99884241
2026-06-28 00:00:00,59941.5,60097.6,59924.1,60071.5,22.01513214
2026-06-28 01:00:00,60054.4,60179.9,59894.3,60119.6,17.23799296
2026-06-28 02:00:00,60119.7,60239.9,59971.2,60082.6,34.27189961
2026-06-28 03:00:00,60074.6,60189.3,60070.3,60122.6,15.08050781
2026-06-28 04:00:00,60122.7,60146.6,60005.0,60038.6,36.12457023
2026-06-28 05:00:00,60038.7,60051.0,59675.4,59891.1,43.32661437
2026-06-28 06:00:00,59891.2,59937.8,59728.8,59914.9,14.82042737
2026-06-28 07:00:00,59915.0,60160.0,59914.9,60128.6,12.86885254
2026-06-28 08:00:00,60132.6,60441.1,60068.5,60289.9,15.2934803
2026-06-28 09:00:00,60289.9,60363.3,60163.9,60185.8,8.21374636
2026-06-28 10:00:00,60188.7,60207.0,59999.0,60090.4,6.14451837
2026-06-28 11:00:00,60090.4,60287.5,60033.5,60250.7,17.33274473
2026-06-28 12:00:00,60250.8,60348.7,60102.8,60209.7,19.30902543
2026-06-28 13:00:00,60209.8,60209.8,59900.0,59993.9,32.17400518
2026-06-28 14:00:00,59994.0,60161.0,59928.0,59948.4,23.17750603
2026-06-28 15:00:00,59948.4,60031.1,59750.0,59798.5,45.39545097
2026-06-28 16:00:00,59798.6,59851.6,59514.4,59603.6,101.4990517
2026-06-28 17:00:00,59603.1,59738.5,59325.3,59498.4,72.26359639
2026-06-28 18:00:00,59498.4,59612.1,59420.1,59536.5,21.20022276
2026-06-28 19:00:00,59522.9,59583.1,59193.2,59398.4,76.9261966
2026-06-28 20:00:00,59398.5,59664.5,59398.4,59565.2,95.84751083
2026-06-28 21:00:00,59565.6,59682.9,59250.7,59330.9,73.00505364
2026-06-28 22:00:00,59340.0,59814.5,58832.8,58993.0,162.29569885
2026-06-28 23:00:00,58992.9,59763.3,58924.4,59489.5,60.14896946
2026-06-29 00:00:00,59488.9,59593.0,58911.4,59585.4,115.84106378
2026-06-29 01:00:00,59573.5,59585.8,59125.3,59356.9,58.84111937
2026-06-29 02:00:00,59356.8,59698.0,58818.6,59659.1,110.7198769
2026-06-29 03:00:00,59659.1,60107.4,59659.0,59948.1,94.80136994
2026-06-29 04:00:00,59950.2,59957.0,59660.5,59746.2,13.2484486
2026-06-29 05:00:00,59746.2,59986.3,59303.9,59986.3,32.14346263
2026-06-29 06:00:00,59987.6,60224.4,59958.8,59992.4,77.93449605
2026-06-29 07:00:00,59992.4,60081.4,59858.1,59944.6,20.26494384
2026-06-29 08:00:00,59944.6,59985.7,59657.5,59762.4,34.41571739
2026-06-29 09:00:00,59762.5,59999.9,59704.0,59970.5,34.55203345
2026-06-29 10:00:00,59970.5,60223.0,59970.5,59996.3,35.50586004
2026-06-29 11:00:00,59996.3,60126.3,59717.8,59869.2,65.16788592
2026-06-29 12:00:00,59873.8,60687.0,59525.0,59868.6,204.80407723
2026-06-29 13:00:00,59869.7,60232.8,59229.4,59452.1,166.11927734
2026-06-29 14:00:00,59458.7,59596.8,58918.9,59358.6,277.55623373
2026-06-29 15:00:00,59358.6,59848.7,59000.0,59707.5,196.90749467
2026-06-29 16:00:00,59707.5,59888.0,59476.1,59796.2,83.56387433
2026-06-29 17:00:00,59793.0,60566.4,59790.3,60321.7,283.2317624
2026-06-29 18:00:00,60330.6,60434.2,60110.2,60198.7,122.2652037
2026-06-29 19:00:00,60200.0,60464.5,60068.0,60343.0,107.21876342
2026-06-29 20:00:00,60344.4,60459.9,60198.6,60208.5,69.20771979
2026-06-29 21:00:00,60208.3,60499.2,60182.2,60399.5,55.62143698
2026-06-29 22:00:00,60399.5,60425.0,60258.6,60265.1,29.47806843
2026-06-29 23:00:00,60266.8,60292.2,60117.3,60157.3,27.85611015
2026-06-30 00:00:00,60169.7,60172.5,59612.1,59752.5,87.21403145
2026-06-30 01:00:00,59752.6,59962.7,59695.4,59854.6,58.30855638
2026-06-30 02:00:00,59853.5,59950.0,59663.3,59855.8,36.06862058
2026-06-30 03:00:00,59855.8,59926.2,59510.1,59545.1,60.80297834
2026-06-30 04:00:00,59521.9,59596.5,59337.8,59400.2,144.94335143
2026-06-30 05:00:00,59400.2,59549.9,59279.2,59549.8,95.643069
2026-06-30 06:00:00,59549.9,59620.9,59429.6,59500.0,15.4900078
2026-06-30 07:00:00,59500.1,59531.3,59365.3,59430.0,28.7938426
2026-06-30 08:00:00,59430.0,59450.0,59108.8,59222.9,163.82696125
2026-06-30 09:00:00,59222.9,59320.8,59156.3,59288.1,83.5117606
2026-06-30 10:00:00,59288.2,59326.1,59204.0,59271.0,65.69377135
2026-06-30 11:00:00,59247.1,59315.4,59027.4,59088.1,150.32153735
2026-06-30 12:00:00,59088.1,59094.3,58282.5,58306.4,309.57887192
2026-06-30 13:00:00,58310.9,58699.2,58122.1,58626.3,640.2488157
2026-06-30 14:00:00,58632.8,59176.5,58333.6,58377.4,374.7399198
2026-06-30 15:00:00,58374.7,58708.3,58100.0,58273.1,368.06602471
2026-06-30 16:00:00,58282.8,58544.2,58170.6,58403.8,241.57759437
2026-06-30 17:00:00,58404.6,58520.0,58221.3,58332.9,133.25418983
2026-06-30 18:00:00,58332.9,58625.3,58271.8,58585.0,70.34039978
2026-06-30 19:00:00,58580.5,58743.4,58500.0,58729.8,123.5197338
2026-06-30 20:00:00,58725.7,58789.1,58562.8,58645.8,57.03869388
2026-06-30 21:00:00,58645.8,58677.5,58431.8,58549.1,70.55915309
2026-06-30 22:00:00,58553.9,58700.0,58434.3,58520.1,93.9738498
2026-06-30 23:00:00,58520.1,58574.5,58470.9,58531.9,32.80335775
2026-07-01 00:00:00,58531.9,58653.5,58222.7,58483.6,36.26945415
2026-07-01 01:00:00,58483.6,58901.7,57740.0,58690.3,333.83526984
2026-07-01 02:00:00,58674.7,59078.0,58581.5,58991.8,94.09576841
2026-07-01 03:00:00,58993.5,59199.0,58755.8,59100.0,207.19944655
2026-07-01 04:00:00,59100.0,59357.4,58972.7,59239.3,116.49269121
2026-07-01 05:00:00,59239.3,59286.1,59035.6,59062.9,85.83965472
2026-07-01 06:00:00,59063.1,59067.7,58459.9,58670.6,102.30644724
2026-07-01 07:00:00,58670.6,58725.3,58516.2,58693.3,43.04076302
2026-07-01 08:00:00,58693.4,58908.3,58431.7,58891.4,88.59625877
2026-07-01 09:00:00,58903.9,59026.7,58766.9,58877.9,67.95726581
2026-07-01 10:00:00,58870.2,58873.0,58551.1,58586.7,46.21369518
2026-07-01 11:00:00,58586.7,58708.9,58483.9,58545.6,166.48239157
2026-07-01 12:00:00,58545.7,58595.3,58268.7,58462.4,189.65545845
2026-07-01 13:00:00,58462.4,59445.3,58457.3,59441.0,256.2227031
2026-07-01 14:00:00,59426.9,60027.2,59212.8,59464.9,357.59410085
2026-07-01 15:00:00,59464.9,60449.9,59456.4,60097.0,287.68122283
2026-07-01 16:00:00,60097.0,60183.5,59804.7,59858.3,102.85350189
2026-07-01 17:00:00,59858.3,60181.6,59720.8,60127.1,124.7480384
2026-07-01 18:00:00,60127.1,60237.4,59955.7,60103.1,88.77462314
2026-07-01 19:00:00,60108.2,60290.6,59938.0,59965.5,115.31028217
2026-07-01 20:00:00,59965.6,60127.5,59823.3,60073.1,90.4310198
2026-07-01 21:00:00,60072.6,60776.2,60068.8,60751.8,165.96543032
2026-07-01 22:00:00,60753.7,61270.0,60280.6,60424.6,295.0213991
2026-07-01 23:00:00,60424.6,60424.6,59915.4,59959.4,72.53250032
2026-07-02 00:00:00,59964.3,59966.7,59529.6,59679.9,137.56456486
2026-07-02 01:00:00,59680.0,60240.0,59657.2,60113.4,71.08006127
2026-07-02 02:00:00,60115.1,60421.0,59958.0,60375.0,43.04717602
2026-07-02 03:00:00,60359.7,61033.1,60245.8,60986.0,155.07327527
2026-07-02 04:00:00,60986.0,60986.0,60671.0,60722.7,37.0000014
2026-07-02 05:00:00,60722.7,60794.6,60423.3,60432.2,30.83905848
2026-07-02 06:00:00,60432.2,60569.1,60182.2,60212.0,86.4381241
2026-07-02 07:00:00,60212.0,60218.5,60040.3,60063.3,52.24765806
2026-07-02 08:00:00,60069.2,60471.8,60053.3,60431.2,65.3659177
2026-07-02 09:00:00,60431.6,61365.7,60309.9,61095.5,198.42743199
2026-07-02 10:00:00,61101.8,61256.0,60974.5,61180.5,151.79736278
2026-07-02 11:00:00,61189.2,61289.7,61054.1,61286.6,67.44468865
2026-07-02 12:00:00,61286.5,61522.6,61080.8,61466.7,275.89830676
2026-07-02 13:00:00,61471.8,61969.4,61448.0,61857.4,367.60084984
2026-07-02 14:00:00,61866.5,62137.2,61338.9,61615.3,184.29130782
2026-07-02 15:00:00,61616.4,61762.5,61361.2,61550.0,208.01321496
2026-07-02 16:00:00,61551.6,61703.2,61091.8,61619.7,163.21158466
2026-07-02 17:00:00,61619.8,61883.2,61572.3,61608.7,101.86777266
2026-07-02 18:00:00,61609.4,61800.0,61609.3,61699.0,32.48570853
2026-07-02 19:00:00,61699.7,61699.7,61374.3,61399.8,118.32056198
2026-07-02 20:00:00,61418.0,61532.9,61273.9,61518.6,200.93295286
2026-07-02 21:00:00,61518.7,61590.7,61447.1,61526.0,75.89736814
2026-07-02 22:00:00,61520.9,61520.9,61343.6,61391.4,28.35305993
2026-07-02 23:00:00,61391.5,61526.0,61277.9,61484.4,37.47546427
2026-07-03 00:00:00,61484.5,61496.3,61173.9,61233.4,36.85964875
2026-07-03 01:00:00,61233.4,61647.8,61217.0,61507.2,28.19316943
2026-07-03 02:00:00,61507.5,61588.1,61191.6,61353.6,56.00325645
2026-07-03 03:00:00,61355.4,61493.6,61253.6,61360.8,103.64151609
2026-07-03 04:00:00,61360.8,61444.2,61263.7,61378.7,75.54369123
2026-07-03 05:00:00,61378.7,61710.6,61361.1,61624.9,76.41878365
2026-07-03 06:00:00,61624.9,61772.6,61538.2,61648.6,37.99485413
2026-07-03 07:00:00,61648.7,61795.2,61592.3,61680.1,23.28047482
2026-07-03 08:00:00,61680.1,61814.4,61499.5,61508.3,24.19037301
2026-07-03 09:00:00,61508.4,61712.5,61450.0,61651.3,24.40862258
2026-07-03 10:00:00,61650.1,61956.0,61600.1,61841.8,50.10809847
2026-07-03 11:00:00,61841.9,62007.5,61776.8,61955.8,64.33569398
2026-07-03 12:00:00,61955.9,62110.6,61811.2,61909.9,66.62577597
2026-07-03 13:00:00,61909.9,62201.2,61871.4,62050.1,80.78486819
2026-07-03 14:00:00,62050.1,62200.0,61651.5,62098.6,129.37413901
2026-07-03 15:00:00,62098.3,62359.0,61777.3,61866.9,110.09175818
2026-07-03 16:00:00,61864.1,62064.9,61857.4,62044.7,89.61848779
2026-07-03 17:00:00,62050.8,62223.7,62029.6,62129.4,39.59312247
2026-07-03 18:00:00,62129.5,62186.2,62063.5,62154.8,47.22873958
2026-07-03 19:00:00,62152.6,62238.6,62100.1,62159.4,36.23739729
2026-07-03 20:00:00,62159.4,62835.0,62132.4,62708.6,361.82580653
2026-07-03 21:00:00,62710.1,62881.7,62470.5,62665.7,164.98525794
2026-07-03 22:00:00,62664.9,62686.6,62474.1,62516.1,44.58011164
2026-07-03 23:00:00,62516.1,62645.8,62468.6,62546.8,15.92581894
2026-07-04 00:00:00,62539.0,62874.6,62527.8,62710.0,134.18991854
2026-07-04 01:00:00,62710.1,62710.1,62359.2,62428.2,38.48972408
2026-07-04 02:00:00,62428.2,62520.1,62374.6,62480.0,47.61785886
2026-07-04 03:00:00,62480.1,62700.0,62430.9,62574.9,45.03677717
2026-07-04 04:00:00,62575.0,62689.0,62531.3,62634.3,37.29699961
2026-07-04 05:00:00,62634.4,62634.4,62381.2,62392.2,49.41445602
2026-07-04 06:00:00,62392.3,62501.0,62290.9,62440.1,12.71175016
2026-07-04 07:00:00,62440.1,62560.0,62398.6,62530.0,24.60645178
2026-07-04 08:00:00,62521.1,62590.0,62455.6,62506.8,24.52252588
2026-07-04 09:00:00,62506.9,62530.4,62362.4,62450.0,12.81905655
2026-07-04 10:00:00,62450.0,62490.2,62387.9,62471.1,23.39290048
2026-07-04 11:00:00,62460.9,62504.5,62420.0,62436.6,9.19811336
2026-07-04 12:00:00,62436.7,62630.3,62407.8,62619.2,42.30126451
2026-07-04 13:00:00,62619.2,62701.8,62494.4,62536.9,14.64245838
2026-07-04 14:00:00,62536.9,62675.2,62536.8,62644.2,20.0972923
2026-07-04 15:00:00,62644.3,63019.8,62644.2,62883.2,90.19820275
2026-07-04 16:00:00,62883.4,62911.3,62739.1,62866.9,78.84700702
2026-07-04 17:00:00,62867.0,63443.4,62765.3,63228.6,133.63925273
2026-07-04 18:00:00,63225.3,63285.4,63046.1,63123.7,201.02225857
2026-07-04 19:00:00,63123.7,63410.1,63076.2,63246.6,128.68802281
2026-07-04 20:00:00,63246.6,63336.6,63121.5,63180.0,27.69370117
2026-07-04 21:00:00,63180.1,63398.5,63153.4,63260.0,13.87443823
2026-07-04 22:00:00,63260.1,63260.1,63121.0,63136.2,10.81255558
2026-07-04 23:00:00,63137.0,63175.6,62900.0,63085.8,96.0464278
2026-07-05 00:00:00,63085.4,63085.4,62845.0,62920.5,29.73972583
2026-07-05 01:00:00,62920.5,62978.7,62738.8,62829.3,47.25463765
2026-07-05 02:00:00,62829.4,62855.7,62553.7,62636.7,19.13403745
2026-07-05 03:00:00,62636.7,62733.0,62603.6,62710.1,24.47110825
2026-07-05 04:00:00,62710.1,62882.2,62654.2,62778.1,22.3348084
2026-07-05 05:00:00,62766.8,62766.8,62603.7,62700.7,19.41695318
2026-07-05 06:00:00,62700.8,62755.6,62618.4,62724.1,28.0149206
2026-07-05 07:00:00,62724.1,62980.0,62665.8,62974.8,45.48180313
2026-07-05 08:00:00,62974.8,63038.2,62848.8,62881.4,6.33357225
2026-07-05 09:00:00,62875.3,62875.3,62393.3,62562.9,51.94953053
2026-07-05 10:00:00,62563.9,62695.3,62483.9,62691.8,26.88921899
2026-07-05 11:00:00,62691.9,62758.2,62556.1,62590.3,17.50741414
2026-07-05 12:00:00,62581.5,62707.9,62510.7,62674.5,33.90362184
2026-07-05 13:00:00,62674.5,62762.7,62600.8,62737.8,23.01551513
2026-07-05 14:00:00,62737.8,62747.8,62609.4,62742.3,22.49217119
2026-07-05 15:00:00,62742.2,62890.0,62627.0,62682.9,10.99299065
2026-07-05 16:00:00,62682.9,62715.2,62550.0,62581.3,40.95282961
2026-07-05 17:00:00,62577.7,62740.1,62535.9,62575.5,18.60032343
2026-07-05 18:00:00,62574.5,62809.0,62570.3,62759.9,14.27214464
2026-07-05 19:00:00,62760.0,62824.6,62682.0,62722.7,36.4498324
2026-07-05 20:00:00,62718.3,62781.0,62649.6,62681.4,10.87732024
2026-07-05 21:00:00,62681.4,63200.0,62564.9,63039.8,81.9356819
2026-07-05 22:00:00,63031.5,63887.4,62947.0,63671.6,222.5402238
2026-07-05 23:00:00,63671.0,63925.9,63514.4,63593.0,75.69438096
2026-07-06 00:00:00,63593.0,63689.1,63308.0,63689.1,62.3867238
2026-07-06 01:00:00,63689.1,63840.9,63499.1,63510.1,31.54815337
2026-07-06 02:00:00,63510.1,63597.9,63325.0,63414.5,23.32289839
2026-07-06 03:00:00,63396.9,63428.8,63088.2,63241.6,39.00345574
2026-07-06 04:00:00,63229.9,63319.5,63121.5,63201.7,46.00119333
2026-07-06 05:00:00,63201.8,63201.8,62900.1,63059.2,70.07748984
2026-07-06 06:00:00,63059.2,63085.1,62907.8,62920.7,58.34230685
2026-07-06 07:00:00,62920.8,63050.4,62823.8,63023.2,28.18722743
2026-07-06 08:00:00,63023.2,63162.5,62769.1,62840.0,35.56652861
2026-07-06 09:00:00,62840.0,62847.4,62575.0,62603.6,27.87584107
2026-07-06 10:00:00,62604.1,62956.9,62600.9,62757.0,62.36925896
2026-07-06 11:00:00,62757.1,62932.0,62455.5,62455.5,166.87147401
2026-07-06 12:00:00,62450.0,62450.0,61612.4,61694.2,559.13277862
2026-07-06 13:00:00,61696.0,61990.0,61271.2,61719.1,344.36869984
2026-07-06 14:00:00,61719.2,62349.9,61671.0,61996.8,189.67907924
2026-07-06 15:00:00,61998.2,63490.7,61998.2,63490.6,422.51349666
2026-07-06 16:00:00,63490.7,63827.4,63330.6,63679.4,369.80649132
2026-07-06 17:00:00,63679.5,63900.0,63521.7,63534.6,142.45291621
2026-07-06 18:00:00,63534.6,63830.1,63503.7,63648.8,71.56643919
2026-07-06 19:00:00,63652.5,63840.9,63610.8,63696.6,64.59288158
2026-07-06 20:00:00,63698.2,63853.4,63529.9,63783.3,60.45888245
2026-07-06 21:00:00,63783.2,64675.0,63762.0,64453.0,305.06505789
2026-07-06 22:00:00,64444.6,64444.6,64121.7,64204.4,33.01962172
2026-07-06 23:00:00,64204.5,64290.9,64005.0,64005.1,51.40380162
2026-07-07 00:00:00,64005.1,64258.0,63972.9,64162.4,91.20035576
2026-07-07 01:00:00,64162.4,64162.4,63755.0,63791.0,27.18699942
2026-07-07 02:00:00,63791.0,63860.8,63245.0,63268.5,95.00256432
2026-07-07 03:00:00,63280.7,63362.3,63110.1,63125.0,94.73330819
2026-07-07 04:00:00,63125.0,63228.3,63016.7,63045.6,204.21228811
2026-07-07 05:00:00,63045.6,63217.1,62768.4,63082.1,63.78704328
2026-07-07 06:00:00,63082.1,63348.3,62946.0,63301.1,43.6677703
2026-07-07 07:00:00,63301.2,63389.1,63035.1,63035.1,64.86188725
2026-07-07 08:00:00,63035.1,63125.6,62945.9,63046.8,39.12334614
2026-07-07 09:00:00,63046.8,63285.0,62997.6,63203.3,34.98170821
2026-07-07 10:00:00,63203.3,63392.4,63170.3,63218.8,68.52508621
2026-07-07 11:00:00,63219.2,63384.3,63055.4,63338.6,44.97581751
2026-07-07 12:00:00,63338.6,63790.9,63338.3,63416.7,66.28968942
2026-07-07 13:00:00,63422.4,63424.1,62914.7,62982.0,228.09404983
2026-07-07 14:00:00,62986.5,63559.3,62613.3,63499.9,249.21304703
2026-07-07 15:00:00,63501.8,64059.2,63309.4,63871.9,192.52797369
2026-07-07 16:00:00,63872.0,64196.6,63770.0,63939.0,154.82132668
2026-07-07 17:00:00,63937.9,64184.8,63832.0,64135.7,78.2721398
2026-07-07 18:00:00,64135.7,64135.7,63641.0,63641.0,87.90445301
2026-07-07 19:00:00,63641.0,63834.4,63348.2,63766.9,96.34600861
2026-07-07 20:00:00,63766.9,63840.9,63571.7,63651.2,73.60466377
2026-07-07 21:00:00,63655.3,63804.9,63288.0,63382.3,69.08884425
2026-07-07 22:00:00,63382.3,63603.2,63170.9,63506.4,43.3981395
2026-07-07 23:00:00,63502.2,63660.9,63281.2,63304.0,22.71358998
2026-07-08 00:00:00,63319.7,63706.4,63277.9,63567.3,41.61654517
2026-07-08 01:00:00,63567.3,63602.0,62866.0,62990.5,74.14672725
2026-07-08 02:00:00,62990.5,63012.6,62476.1,62919.7,66.71690188
2026-07-08 03:00:00,62933.8,63042.8,62666.9,62703.1,15.30119729
2026-07-08 04:00:00,62703.1,62850.5,62643.2,62748.5,36.24987501
2026-07-08 05:00:00,62745.7,62814.8,62515.5,62587.7,69.21138342
2026-07-08 06:00:00,62587.8,62699.6,62440.6,62590.0,161.17513935
2026-07-08 07:00:00,62590.0,62838.9,62504.4,62838.9,70.78763471
2026-07-08 08:00:00,62838.9,62876.6,61821.8,61954.2,283.79340372
2026-07-08 09:00:00,61956.2,62097.4,61700.0,62005.7,45.41453062
2026-07-08 10:00:00,62005.7,62125.3,61840.1,62105.4,59.4418583
2026-07-08 11:00:00,62125.3,62338.9,61991.7,62247.0,77.71939512
2026-07-08 12:00:00,62247.0,62358.2,61896.5,61896.5,75.06492037
2026-07-08 13:00:00,61896.6,62024.3,61572.1,61883.0,97.64571546
2026-07-08 14:00:00,61879.0,62114.5,61651.4,61834.1,92.96188293
2026-07-08 15:00:00,61840.5,61846.7,61472.9,61646.5,125.964573
2026-07-08 16:00:00,61646.5,62083.8,61623.2,62050.2,115.38373463
2026-07-08 17:00:00,62050.2,62335.7,61967.1,62048.2,80.12228337
2026-07-08 18:00:00,62052.5,62282.6,62000.0,62125.2,72.61710505
2026-07-08 19:00:00,62125.1,62244.8,62015.9,62216.8,33.64689309
2026-07-08 20:00:00,62232.8,62250.0,62034.7,62047.1,48.89377209
2026-07-08 21:00:00,62061.5,62196.9,61928.3,62136.2,72.3317653
2026-07-08 22:00:00,62138.0,62288.9,62132.6,62283.8,35.76796888
2026-07-08 23:00:00,62282.7,62300.0,62137.4,62241.1,8.37620467
2026-07-09 00:00:00,62236.6,62260.8,62008.9,62067.5,17.34287221
2026-07-09 01:00:00,62067.5,62609.1,61792.1,61855.6,156.58845705
2026-07-09 02:00:00,61859.8,62050.0,61650.0,61730.0,31.40509499
2026-07-09 03:00:00,61732.5,62023.9,61680.0,61933.1,65.23664619
2026-07-09 04:00:00,61933.2,62395.6,61912.8,62395.5,33.48822711
2026-07-09 05:00:00,62395.6,62555.6,62200.0,62517.4,64.39888356
2026-07-09 06:00:00,62517.5,62921.1,62438.8,62908.8,97.55933575
2026-07-09 07:00:00,62907.1,63190.3,62746.2,62955.8,69.82388339
2026-07-09 08:00:00,62955.5,63028.4,62808.9,62846.8,46.71041106
2026-07-09 09:00:00,62846.5,62937.8,62736.6,62900.0,61.17385997
2026-07-09 10:00:00,62900.7,62992.6,62644.6,62727.1,48.76561964
2026-07-09 11:00:00,62727.1,62757.3,62550.0,62721.9,75.44002581
2026-07-09 12:00:00,62724.0,62883.3,62410.6,62567.1,126.42853823
2026-07-09 13:00:00,62565.8,63166.2,62463.0,62965.9,159.53680346
2026-07-09 14:00:00,62972.0,63066.1,62613.1,62956.2,84.02548661
2026-07-09 15:00:00,62956.2,63186.6,62778.6,62815.2,119.43466721
2026-07-09 16:00:00,62807.5,62943.5,62520.0,62654.9,53.95644416
2026-07-09 17:00:00,62654.9,63095.3,62620.0,63065.0,59.95133791
2026-07-09 18:00:00,63065.0,63490.3,63026.7,63168.2,161.658283
2026-07-09 19:00:00,63167.4,63317.3,63102.6,63176.2,77.55827446
2026-07-09 20:00:00,63176.2,63275.5,63125.7,63257.6,43.95187805
2026-07-09 21:00:00,63257.7,63347.9,63163.4,63227.4,26.00423663
2026-07-09 22:00:00,63224.8,63369.0,63168.0,63168.0,44.75183144
2026-07-09 23:00:00,63168.1,63275.1,63026.6,63174.0,17.61354247
2026-07-10 00:00:00,63174.0,63205.2,62895.1,63053.6,65.3707072
2026-07-10 01:00:00,63053.6,63879.9,62921.1,63682.2,156.06405085
2026-07-10 02:00:00,63683.5,63992.7,63642.6,63915.0,98.76770309
2026-07-10 03:00:00,63915.1,63991.2,63771.6,63893.9,29.98727004
2026-07-10 04:00:00,63893.9,64121.9,63800.2,63994.1,33.76280739
2026-07-10 05:00:00,63994.2,64150.6,63900.0,64064.6,67.51137233
2026-07-10 06:00:00,64074.6,64100.0,63790.8,63800.2,24.84443842
2026-07-10 07:00:00,63800.2,63958.5,63765.5,63950.0,38.59505992
2026-07-10 08:00:00,63950.1,64338.9,63949.7,64191.8,84.88283926
2026-07-10 09:00:00,64191.3,64431.2,64060.9,64352.3,126.80312252
2026-07-10 10:00:00,64352.4,64438.3,64226.4,64355.3,40.77940105
2026-07-10 11:00:00,64354.0,64420.7,64304.9,64376.0,29.31363535
2026-07-10 12:00:00,64378.1,64560.0,64236.6,64250.0,142.78475335
2026-07-10 13:00:00,64249.9,64635.0,64108.7,64452.3,172.36651658
2026-07-10 14:00:00,64452.4,64466.7,63768.2,63859.9,145.99062138
2026-07-10 15:00:00,63860.0,64154.5,63850.0,63968.9,107.95070461
2026-07-10 16:00:00,63975.9,64157.0,63762.2,64095.7,101.75225996
2026-07-10 17:00:00,64089.8,64107.0,63778.1,63778.1,32.77636048
2026-07-10 18:00:00,63778.2,63926.5,63687.1,63758.3,51.88993342
2026-07-10 19:00:00,63758.3,64004.2,63727.1,63868.8,60.43604508
2026-07-10 20:00:00,63872.8,63878.7,63617.6,63793.4,45.78374192
2026-07-10 21:00:00,63793.5,64034.0,63791.7,63970.2,28.84381643
2026-07-10 22:00:00,63962.3,64126.1,63937.3,64072.6,30.28282829
2026-07-10 23:00:00,64072.6,64150.0,63989.0,64126.4,19.13921364
2026-07-11 00:00:00,64126.5,64129.3,63994.1,64099.3,20.87831235
2026-07-11 01:00:00,64099.4,64250.0,63966.6,63979.8,30.34637326
2026-07-11 02:00:00,63979.8,64120.4,63957.7,64113.3,13.02869703
2026-07-11 03:00:00,64113.3,64147.9,64034.4,64130.8,20.2904084
2026-07-11 04:00:00,64130.9,64173.2,64051.9,64101.9,7.12619156
2026-07-11 05:00:00,64103.0,64175.5,64086.3,64122.9,21.61279528
2026-07-11 06:00:00,64123.0,64214.7,64082.9,64181.3,20.59620926
2026-07-11 07:00:00,64181.4,64197.8,64116.0,64116.2,7.71360879
2026-07-11 08:00:00,64116.2,64250.0,64116.1,64213.9,9.62547905
2026-07-11 09:00:00,64214.8,64230.0,64116.1,64116.2,15.21855947
2026-07-11 10:00:00,64116.2,64141.9,64074.1,64136.9,18.79529216
2026-07-11 11:00:00,64136.9,64142.5,64125.0,64142.5,6.72587431
2026-07-11 12:00:00,64142.5,64173.9,64076.8,64137.1,14.08692291
2026-07-11 13:00:00,64137.1,64213.8,64137.0,64197.0,6.86607827
2026-07-11 14:00:00,64197.0,64442.5,64196.9,64318.2,39.53158379
2026-07-11 15:00:00,64318.2,64425.1,63911.0,64126.2,101.91111801
2026-07-11 16:00:00,64126.3,64224.0,64055.9,64124.2,34.51590344
2026-07-11 17:00:00,64124.2,64334.1,64113.1,64277.1,23.83644282
2026-07-11 18:00:00,64277.1,64329.8,64236.6,64270.9,13.51474217
2026-07-11 19:00:00,64270.9,64285.7,64185.8,64239.8,7.7877807
2026-07-11 20:00:00,64239.7,64396.1,64239.7,64338.6,11.97830777
2026-07-11 21:00:00,64338.7,64385.4,64311.2,64311.2,10.18879621
2026-07-11 22:00:00,64311.3,64381.0,64095.3,64159.9,32.7096513
2026-07-11 23:00:00,64160.0,64194.0,63779.5,63779.5,73.38869305
2026-07-12 00:00:00,63779.6,63858.3,63668.5,63792.1,47.92424197
2026-07-12 01:00:00,63792.1,64125.0,63774.0,64089.8,52.2090523
2026-07-12 02:00:00,64089.9,64092.5,63991.7,64041.1,8.39715277
2026-07-12 03:00:00,64041.2,64164.7,64002.4,64164.7,10.03837272
2026-07-12 04:00:00,64164.7,64187.8,63905.0,63945.6,11.26711146
2026-07-12 05:00:00,63945.5,63974.1,63875.1,63943.7,18.51296361
2026-07-12 06:00:00,63937.2,63937.2,63600.8,63725.0,32.65898921
2026-07-12 07:00:00,63725.0,63860.4,63699.9,63854.6,11.41575449
2026-07-12 08:00:00,63854.6,64040.9,63854.5,63937.9,7.54168385
2026-07-12 09:00:00,63937.9,63990.9,63720.6,63918.4,25.50635751
2026-07-12 10:00:00,63918.5,63918.5,63800.7,63828.3,14.87661478
2026-07-12 11:00:00,63828.3,63981.9,63791.0,63966.1,19.84984793
2026-07-12 12:00:00,63966.1,64088.6,63928.8,63990.4,15.82695161
2026-07-12 13:00:00,63990.5,64043.7,63968.0,63988.2,10.71761261
2026-07-12 14:00:00,63988.3,64240.9,63925.7,64159.1,20.43040814
2026-07-12 15:00:00,64157.3,64207.4,64090.9,64123.3,31.97458275
2026-07-12 16:00:00,64123.3,64151.8,64016.5,64135.0,11.20844482
2026-07-12 17:00:00,64135.1,64135.1,64000.0,64041.3,18.03256339
2026-07-12 18:00:00,64041.4,64107.4,63979.9,64107.3,40.8832138
2026-07-12 19:00:00,64107.4,64214.1,64107.3,64188.5,12.37576486
2026-07-12 20:00:00,64184.8,64201.5,64126.0,64145.7,8.32076456
2026-07-12 21:00:00,64145.7,64194.7,63862.1,63881.1,29.03453508
2026-07-12 22:00:00,63881.2,63881.2,63635.7,63851.5,80.04942299
2026-07-12 23:00:00,63851.6,63859.6,63690.9,63737.4,16.06729569
2026-07-13 00:00:00,63737.8,64364.6,63536.5,64040.1,67.83556554
2026-07-13 01:00:00,64040.1,64040.1,63354.3,63383.7,78.11422722
2026-07-13 02:00:00,63383.8,63498.9,63217.3,63325.7,42.28932855
2026-07-13 03:00:00,63325.8,63341.9,62706.0,62766.2,134.75368406
2026-07-13 04:00:00,62766.3,62867.0,62598.1,62626.0,61.0287931
2026-07-13 05:00:00,62626.0,62868.8,62442.8,62745.8,91.13918691
2026-07-13 06:00:00,62748.3,62828.3,62679.9,62744.0,27.37715862
2026-07-13 07:00:00,62745.3,63005.0,62744.0,62937.4,56.59400643
2026-07-13 08:00:00,62937.4,63217.1,62893.3,63141.7,32.03954645
2026-07-13 09:00:00,63141.8,63141.8,63029.2,63039.4,20.44685438
2026-07-13 10:00:00,63039.4,63080.0,62802.3,62802.9,55.14572804
2026-07-13 11:00:00,62803.0,63055.4,62803.0,62844.1,30.56418239
2026-07-13 12:00:00,62844.1,62908.8,62505.2,62562.1,80.56402392
2026-07-13 13:00:00,62562.2,62687.6,62119.0,62265.5,145.88069656
2026-07-13 14:00:00,62265.6,62718.4,62067.1,62718.4,172.46156569
2026-07-13 15:00:00,62718.4,62885.9,62505.2,62567.4,124.30439811
2026-07-13 16:00:00,62563.2,62563.2,62164.0,62206.7,117.47929326
2026-07-13 17:00:00,62206.7,62296.3,61828.4,61836.8,88.19764675
2026-07-13 18:00:00,61836.8,62037.2,61765.0,61962.2,160.45121901
2026-07-13 19:00:00,61962.2,62220.0,61940.5,62219.8,73.23722933
2026-07-13 20:00:00,62219.8,62258.6,62003.3,62149.2,60.78628836
2026-07-13 21:00:00,62149.2,62158.3,61839.9,62011.2,51.35551165
2026-07-13 22:00:00,62011.3,62151.2,61837.8,61856.1,62.21838694
2026-07-13 23:00:00,61856.1,62253.5,61823.0,62253.5,33.67490167
2026-07-14 00:00:00,62253.4,62593.2,62203.4,62480.3,60.93416109
2026-07-14 01:00:00,62477.6,62564.0,62387.5,62462.1,26.49559605
2026-07-14 02:00:00,62462.1,62550.0,62260.0,62475.3,29.0698041
2026-07-14 03:00:00,62475.3,62523.1,62239.9,62504.5,25.79215048
2026-07-14 04:00:00,62504.6,62688.7,62473.7,62680.1,24.69821039
2026-07-14 05:00:00,62680.1,62800.0,62630.1,62639.9,57.54653264
2026-07-14 06:00:00,62640.0,62699.5,62503.7,62542.0,17.14761045
2026-07-14 07:00:00,62542.1,62574.6,62402.0,62471.4,41.16436559
2026-07-14 08:00:00,62471.4,62700.0,62418.5,62625.9,28.94783538
2026-07-14 09:00:00,62626.0,62670.1,62459.9,62549.0,25.86657251
2026-07-14 10:00:00,62549.1,62833.8,62537.5,62733.2,29.69371982
2026-07-14 11:00:00,62733.2,62847.3,62644.0,62774.8,14.84423343
2026-07-14 12:00:00,62774.8,63897.8,62709.3,63879.6,336.49790092
2026-07-14 13:00:00,63879.7,64095.5,63626.2,63785.7,213.63240318
2026-07-14 14:00:00,63785.7,64257.2,63542.1,64244.0,160.5689285
2026-07-14 15:00:00,64243.9,64881.2,64142.7,64668.5,381.77356999
2026-07-14 16:00:00,64678.0,64840.9,64563.8,64687.6,159.42760303
2026-07-14 17:00:00,64687.7,64687.7,64251.3,64581.1,197.93411852
2026-07-14 18:00:00,64585.8,64590.9,64438.9,64529.4,41.57819862
2026-07-14 19:00:00,64531.6,64645.5,64431.4,64515.7,84.86423149
2026-07-14 20:00:00,64515.7,64540.9,64390.9,64530.3,77.3653469
2026-07-14 21:00:00,64530.3,64858.5,64477.0,64620.0,98.59521164
2026-07-14 22:00:00,64620.0,65056.3,64484.4,64818.7,328.50259447
2026-07-14 23:00:00,64818.7,64983.6,64731.5,64977.2,45.46489703
2026-07-15 00:00:00,64983.5,65001.3,64732.1,64790.1,31.01450421
2026-07-15 01:00:00,64790.1,64798.0,64605.1,64624.2,20.42841513
2026-07-15 02:00:00,64624.2,64703.3,64433.3,64453.6,43.10943407
2026-07-15 03:00:00,64453.6,64777.0,64453.5,64741.2,42.11987336
2026-07-15 04:00:00,64738.3,64822.5,64671.3,64690.9,49.39482824
2026-07-15 05:00:00,64691.0,64888.0,64555.4,64883.4,30.41731053
2026-07-15 06:00:00,64883.4,65210.2,64790.9,64791.0,94.65202094
2026-07-15 07:00:00,64791.0,64830.8,64456.6,64506.9,44.30272386
2026-07-15 08:00:00,64506.9,64727.5,64506.9,64719.6,31.90291309
2026-07-15 09:00:00,64719.6,64860.7,64602.1,64603.6,31.02428986
2026-07-15 10:00:00,64603.6,64781.7,64579.3,64611.6,14.77870579
2026-07-15 11:00:00,64611.6,64690.9,64578.1,64690.8,14.08731095
2026-07-15 12:00:00,64690.9,65189.1,64560.0,65109.8,136.58533051
2026-07-15 13:00:00,65109.8,65495.0,64812.0,65040.7,300.07456417
2026-07-15 14:00:00,65040.7,65445.9,65016.3,65335.2,98.70524712
2026-07-15 15:00:00,65335.2,65513.8,65221.4,65369.4,102.31859636
2026-07-15 16:00:00,65369.4,65394.4,64737.3,65055.0,219.93057457
2026-07-15 17:00:00,65055.0,65134.3,64912.3,65009.2,84.15718905
2026-07-15 18:00:00,65009.2,65086.2,64787.1,64805.0,107.00569074
2026-07-15 19:00:00,64805.6,64959.3,64705.9,64926.0,101.88685432
2026-07-15 20:00:00,64926.0,65001.0,64877.2,64937.0,17.74992476
2026-07-15 21:00:00,64937.1,64972.6,64755.7,64787.8,35.64223027
2026-07-15 22:00:00,64787.9,64914.5,64755.6,64826.0,48.09986404
2026-07-15 23:00:00,64826.0,64897.3,64667.0,64709.4,84.50885693
2026-07-16 00:00:00,64709.4,64799.4,64440.9,64545.2,109.197053
2026-07-16 01:00:00,64545.2,64770.9,64358.9,64688.5,55.9705448
2026-07-16 02:00:00,64688.5,64689.5,64535.9,64597.2,7.5747295
2026-07-16 03:00:00,64597.2,64692.2,64515.4,64563.5,22.63683351
2026-07-16 04:00:00,64563.5,64641.4,64491.9,64569.2,18.38399989
2026-07-16 05:00:00,64569.3,64939.3,64554.0,64869.8,23.2246234
2026-07-16 06:00:00,64869.8,64914.1,64594.0,64715.4,45.82690545
2026-07-16 07:00:00,64715.4,64715.4,64050.8,64190.0,117.18097051
2026-07-16 08:00:00,64190.0,64293.0,63850.0,64075.0,125.66088653
2026-07-16 09:00:00,64075.0,64119.4,63974.1,64032.1,64.47914599
2026-07-16 10:00:00,64032.1,64210.7,64032.0,64167.9,30.02924363
2026-07-16 11:00:00,64168.0,64220.1,64050.3,64204.9,21.76759293
2026-07-16 12:00:00,64204.9,64204.9,63814.0,63910.0,145.37845242
2026-07-16 13:00:00,63910.1,64403.8,63910.1,64314.3,175.70953153
2026-07-16 14:00:00,64314.3,64796.0,64266.9,64480.6,111.69665005
2026-07-16 15:00:00,64480.7,64830.3,64259.2,64656.4,50.997291
2026-07-16 16:00:00,64655.4,64667.0,64303.4,64438.5,41.18918753
2026-07-16 17:00:00,64438.4,64438.4,63957.2,64030.7,98.39917719
2026-07-16 18:00:00,64030.8,64268.7,64008.1,64223.5,77.19267086
2026-07-16 19:00:00,64211.7,64237.5,64106.8,64215.9,40.96985384
2026-07-16 20:00:00,64216.0,64228.0,64061.9,64096.1,73.47228653
2026-07-16 21:00:00,64087.1,64188.8,64051.4,64097.6,44.84932944
2026-07-16 22:00:00,64097.6,64188.7,63903.9,63915.1,35.8197994
2026-07-16 23:00:00,63915.2,63965.2,63705.1,63789.5,93.22380684
2026-07-17 00:00:00,63789.6,63860.8,63576.2,63835.2,100.46195797
2026-07-17 01:00:00,63835.2,64007.5,63420.7,63495.0,105.15253318
2026-07-17 02:00:00,63495.1,63600.0,63353.9,63425.0,29.41603215
2026-07-17 03:00:00,63425.0,63648.7,63425.0,63511.4,14.29431062
2026-07-17 04:00:00,63511.4,63511.4,63250.0,63416.0,13.08275106
2026-07-17 05:00:00,63416.1,63416.1,62755.0,62794.3,149.60761046
2026-07-17 06:00:00,62792.1,62925.6,62660.0,62884.8,62.80724248
2026-07-17 07:00:00,62884.9,62929.9,62761.3,62777.9,35.74161477
2026-07-17 08:00:00,62777.9,62856.3,62625.0,62844.1,40.87218928
2026-07-17 09:00:00,62844.1,62999.2,62809.7,62931.3,31.7716445
2026-07-17 10:00:00,62931.3,63129.6,62931.2,63125.5,38.18258211
2026-07-17 11:00:00,63125.5,63327.1,63008.4,63238.0,100.3149229
2026-07-17 12:00:00,63240.5,63281.8,63027.6,63035.7,38.07592297
2026-07-17 13:00:00,63035.8,63097.2,62490.0,63071.8,126.21002913
2026-07-17 14:00:00,63072.8,63444.0,63031.5,63130.6,118.80485031
2026-07-17 15:00:00,63123.2,63400.0,62818.1,63400.0,95.78533573
2026-07-17 16:00:00,63400.0,63663.1,63258.7,63552.8,97.22622221
2026-07-17 17:00:00,63552.8,64172.5,63552.7,64007.7,114.69288718
2026-07-17 18:00:00,64007.7,64334.3,63849.5,64217.4,102.86237642
2026-07-17 19:00:00,64217.4,64217.6,63950.0,64102.0,53.22196286
2026-07-17 20:00:00,64102.0,64148.8,63899.7,64073.0,110.6651103
2026-07-17 21:00:00,64073.0,64169.5,64021.7,64051.9,19.6346764
2026-07-17 22:00:00,64044.6,64098.5,63883.6,63929.3,70.32117148
2026-07-17 23:00:00,63929.3,63959.0,63842.2,63907.0,27.3851674
2026-07-18 00:00:00,63907.0,63968.6,63847.8,63856.9,71.28953202
2026-07-18 01:00:00,63857.0,63965.1,63844.7,63917.7,11.32856244
2026-07-18 02:00:00,63917.8,63972.0,63890.0,63914.1,11.78626818
2026-07-18 03:00:00,63914.2,63973.8,63900.0,63972.6,22.16431533
2026-07-18 04:00:00,63972.7,63980.9,63900.0,63923.0,7.3815278
2026-07-18 05:00:00,63923.1,63955.1,63900.0,63913.7,14.21901672
2026-07-18 06:00:00,63913.8,63978.5,63909.1,63925.0,20.44862135
2026-07-18 07:00:00,63925.0,63980.7,63924.9,63975.7,13.54362261
2026-07-18 08:00:00,63975.7,63980.8,63934.3,63953.3,8.19610995
2026-07-18 09:00:00,63953.4,63956.4,63900.2,63945.0,10.14614376
2026-07-18 10:00:00,63945.1,63967.3,63944.2,63964.8,8.99268327
2026-07-18 11:00:00,63964.7,64038.3,63964.6,64018.9,5.92668922
2026-07-18 12:00:00,64018.9,64200.0,64018.9,64167.0,65.16172927
2026-07-18 13:00:00,64167.0,64167.0,63932.7,64058.2,32.64689344
2026-07-18 14:00:00,64058.2,64151.4,64058.2,64084.5,21.69465616
2026-07-18 15:00:00,64084.5,64114.7,64002.8,64072.9,18.68391561
2026-07-18 16:00:00,64073.0,64263.7,64043.3,64244.7,36.94750034
2026-07-18 17:00:00,64244.7,64447.5,64244.0,64447.5,72.60073248
2026-07-18 18:00:00,64447.5,64600.0,64424.3,64474.7,80.02657106
2026-07-18 19:00:00,64474.7,64554.8,64436.2,64528.2,25.8001557
2026-07-18 20:00:00,64528.2,64693.7,64474.4,64658.0,69.10358005
2026-07-18 21:00:00,64656.8,64800.0,64578.0,64690.6,40.07023273
2026-07-18 22:00:00,64689.5,64806.8,64666.5,64778.9,17.55763997
2026-07-18 23:00:00,64778.9,64796.7,64663.8,64796.7,18.98032444
2026-07-19 00:00:00,64796.7,64844.0,64702.4,64729.2,37.55499241
2026-07-19 01:00:00,64729.3,64748.1,64709.3,64730.9,44.5591151
2026-07-19 02:00:00,64730.1,64928.0,64647.1,64783.7,14.10081928
2026-07-19 03:00:00,64781.3,64781.3,64596.7,64657.5,58.14332187
2026-07-19 04:00:00,64657.6,64762.1,64584.3,64676.0,18.77898496
2026-07-19 05:00:00,64676.0,64760.9,64636.2,64693.2,28.48266507
2026-07-19 06:00:00,64693.2,64705.4,64655.9,64667.6,14.26906891
2026-07-19 07:00:00,64667.6,64732.5,64641.6,64655.3,9.91450008
2026-07-19 08:00:00,64658.9,64690.1,64586.2,64653.9,19.56308306
2026-07-19 09:00:00,64653.9,64674.5,64450.0,64465.1,51.66277516
2026-07-19 10:00:00,64465.1,64646.7,64450.0,64541.2,20.1734813
2026-07-19 11:00:00,64541.3,64585.3,64379.5,64418.7,23.77204803
2026-07-19 12:00:00,64418.8,64419.4,64257.7,64386.5,37.47702114
2026-07-19 13:00:00,64386.5,64471.2,64256.0,64433.1,30.10596625
2026-07-19 14:00:00,64433.2,64600.0,64383.3,64549.6,23.45109289
2026-07-19 15:00:00,64547.4,64576.0,64456.7,64529.6,15.03423759
2026-07-19 16:00:00,64529.7,64585.2,64474.1,64496.1,15.07688733
2026-07-19 17:00:00,64496.1,64696.7,64375.7,64508.2,39.02817447
2026-07-19 18:00:00,64508.2,64508.2,64272.6,64371.3,16.10646242
2026-07-19 19:00:00,64371.4,64422.4,64323.3,64398.7,10.4518123
2026-07-19 20:00:00,64398.8,64495.0,64398.7,64486.6,17.1961649
2026-07-19 21:00:00,64486.6,64500.0,64312.5,64359.8,11.8660497
2026-07-19 22:00:00,64359.9,64845.6,64308.2,64621.0,60.91720427
2026-07-19 23:00:00,64621.0,64713.5,64532.5,64678.1,12.44084651
2026-07-20 00:00:00,64678.1,65045.2,64388.4,64510.9,150.15832266
2026-07-20 01:00:00,64511.0,64962.6,64463.3,64588.8,71.11535389
2026-07-20 02:00:00,64588.8,64923.5,64546.8,64796.7,19.89281593
2026-07-20 03:00:00,64796.8,64853.6,64596.8,64799.9,28.12763441
2026-07-20 04:00:00,64799.9,64816.6,64478.3,64495.3,30.80356499
2026-07-20 05:00:00,64495.3,64495.3,64003.6,64084.2,139.1900441
2026-07-20 06:00:00,64084.3,64163.5,63691.6,63831.7,117.24456661
2026-07-20 07:00:00,63846.6,64230.9,63832.1,64198.2,63.41772412
2026-07-20 08:00:00,64198.3,64280.3,63825.0,63991.9,81.25249505
2026-07-20 09:00:00,63991.9,64210.9,63958.7,64136.8,11.10596922
2026-07-20 10:00:00,64136.8,64342.0,64100.7,64235.3,35.25749497
2026-07-20 11:00:00,64235.9,64978.3,64221.5,64935.9,93.21205255
2026-07-20 12:00:00,64935.9,64946.0,64546.7,64581.8,45.03526027
2026-07-20 13:00:00,64581.9,64687.3,64150.1,64280.7,82.93308918
2026-07-20 14:00:00,64280.7,64490.0,64041.6,64354.3,66.94189597
2026-07-20 15:00:00,64357.4,65600.0,64357.4,65542.5,305.52570466
2026-07-20 16:00:00,65542.5,65567.2,65297.2,65444.0,170.6509582
2026-07-20 17:00:00,65444.0,65590.2,65297.2,65539.8,64.62246363
2026-07-20 18:00:00,65539.8,65757.0,65166.8,65191.7,250.41295679
2026-07-20 19:00:00,65191.7,65221.5,65000.0,65090.7,76.15264919
2026-07-20 20:00:00,65090.7,65386.3,65015.0,65325.1,43.86145444
2026-07-20 21:00:00,65325.2,65392.8,65246.7,65246.8,53.52054321
2026-07-20 22:00:00,65246.8,65246.8,65050.5,65104.6,60.72934802
2026-07-20 23:00:00,65104.6,65232.2,65092.9,65215.7,16.28206495
2026-07-21 00:00:00,65215.7,65546.0,65115.2,65533.1,29.39061326
2026-07-21 01:00:00,65533.1,65600.0,65204.8,65204.8,28.01722338
2026-07-21 02:00:00,65204.9,65437.9,65135.5,65367.5,10.0641936
2026-07-21 03:00:00,65367.5,65532.6,65367.5,65531.9,11.82277061
2026-07-21 04:00:00,65531.9,65683.7,65448.6,65475.6,24.41676116
2026-07-21 05:00:00,65475.6,65869.0,65449.7,65707.3,33.88953854
2026-07-21 06:00:00,65707.3,65936.5,65593.2,65879.0,40.65038669
2026-07-21 07:00:00,65879.0,66183.5,65840.0,66150.0,133.94037276
2026-07-21 08:00:00,66150.1,66300.0,66100.0,66168.4,78.4553705
